game_index,seed,opening_plies,opening_moves_uci,tdleaf_color,result_tdleaf,result_pgn,move_count,moves_uci,weights_path
0,1234,4,f2f4 b8a6 g1h3 a8b8,white,L,0-1,40,f2f4 b8a6 g1h3 a8b8 h3g5 g8f6 e1f2 h7h6 f4f5 h6g5 f2g3 f6e4 g3g4 e4f2 g4g5 f2d1 g5g4 d1f2 g4g5 f2h1 g5g4 h8h2 g4g5 h1g3 g5g4 g3f1 g4g5 h2g2 g5h5 f1g3 h5g5 g3e2 g5h5 g2h2 h5g5 e7e5 g5g4 d8h4 g4f3 h4f4,tdleaf_nnue_engine\checkpoints\nnue_runtime.npz
1,1235,4,g2g4 c7c5 c2c4 g7g5,black,L,1-0,37,g2g4 c7c5 c2c4 g7g5 b1c3 e7e6 d2d4 c5d4 d1d4 g8e7 d4h8 b8c6 c1g5 d8c7 h8h7 c7h2 h7h2 f8g7 h2d6 e8f8 h1h7 a8b8 g5e7 f8e8 h7g7 f7f6 e7f6 a7a6 e2e4 b7b6 g1f3 c8b7 g7d7 b8d8 d6e6 e8f8 f6g7,tdleaf_nnue_engine\checkpoints\nnue_runtime.npz
2,1236,4,c2c4 e7e5 a2a4 f7f5,white,L,0-1,40,c2c4 e7e5 a2a4 f7f5 g1h3 b8c6 h3g5 d8g5 h1g1 g5f4 g1h1 f4c4 h1g1 d7d5 g1h1 g8f6 h1g1 f8c5 g1h1 e8g8 b2b4 c6b4 c1b2 b4c2 d1c2 c4c2 g2g3 c2b2 e1d1 b2a1 d1c2 a1a4 c2c3 a4a1 c3c2 a1a2 c2c3 f6e4 c3d3 a2b1,tdleaf_nnue_engine\checkpoints\nnue_runtime.npz
3,1237,4,h2h3 h7h5 c2c3 f7f6,black,D,1/2-1/2,57,h2h3 h7h5 c2c3 f7f6 g1f3 h8h7 d1c2 g7g6 c2g6 h7f7 g6g8 f7h7 g8h7 f8g7 h7g7 e7e6 g7g8 e8e7 g8g7 e7e8 d2d4 d8e7 g7g8 e7f8 g8g6 e8d8 g6h5 f8h8 h5h8 d8e7 h8c8 b8c6 c8a8 c6d4 c3d4 e7f7 a8b7 f7g8 b7b8 g8h7 b8d8 h7g7 d8d7 g7h8 d7e6 h8h7 e6f6 h7g8 f6d8 g8h7 d8c7 h7h8 b1c3 h8g8 c7a7 g8h8 a7f7,tdleaf_nnue_engine\checkpoints\nnue_runtime.npz
4,1238,4,g1h3 e7e5 g2g3 d8g5,white,L,0-1,48,g1h3 e7e5 g2g3 d8g5 h3g5 f7f6 g5h7 h8h7 h1g1 h7h2 g1g2 h2h1 g2h2 h1h2 f1h3 h2h3 e1f1 h3h1 f1g2 h1d1 g2h3 d1c1 h3h4 c1c2 h4h5 c2b2 h5g6 g8e7 g6h7 d7d5 h7h8 c8f5 b1c3 b2d2 c3d5 e7d5 h8g8 d5e7 g8h8 d2e2 a1h1 b8c6 h1h7 f5h7 h8h7 e2f2 h7h8 f2h2,tdleaf_nnue_engine\checkpoints\nnue_runtime.npz
5,1239,4,b1c3 d7d6 a2a3 g8h6,black,L,1-0,85,b1c3 d7d6 a2a3 g8h6 g1f3 h8g8 c3d5 g8h8 c2c4 h8g8 d1c2 g8h8 h2h3 g7g6 d2d4 e7e6 c1g5 h8g8 g5d8 e8d7 d5c7 b8c6 c7a8 f7f6 d8f6 h6f7 a1d1 c6d4 f6d4 g8h8 d4h8 f8g7 h8g7 f7h8 g7h8 d7e8 d1d6 e8f8 d6d8 f8f7 d8c8 f7e7 a8c7 e7f7 f3g5 f7e7 c8g8 e7d7 g5e6 d7e7 h8e5 e7d7 g8h8 d7c6 h8h7 c6b6 c2g6 b6c6 g6g8 c6b6 f2f4 b6c6 e2e4 c6b6 f1d3 b6c6 e1g1 c6b6 f1d1 b6c6 d3c2 c6b6 c2b3 b6a5 d1d7 a5b6 e5d6 b6c6 e4e5 c6b6 c7d5 b6a6 d7b7 a6a5 b7a7,tdleaf_nnue_engine\checkpoints\nnue_runtime.npz
6,1240,4,f2f4 a7a6 b2b4 d7d5,white,L,0-1,64,f2f4 a7a6 b2b4 d7d5 g1h3 e7e5 f4e5 f8b4 h3g5 d8g5 h1g1 g5e5 g1h1 e5a1 h1g1 a1b1 g1h1 b8c6 h1g1 g8f6 g1h1 e8g8 e1f2 b4a3 f2g3 a3c1 a2a3 c8f5 h2h4 f5c2 d1c2 b1c2 d2d3 a8e8 g3f2 c1e3 f2g3 c6a5 a3a4 a5b3 a4a5 b3a5 h1h2 c7c5 h2h1 a5b3 g3h3 c2b1 h3g3 b3d2 g3h3 d2f1 g2g3 e3f2 h3g2 f1e3 g2f2 b1h1 g3g4 f6g4 f2g3 h1h2 g3f3 h2f2,tdleaf_nnue_engine\checkpoints\nnue_runtime.npz
7,1241,4,a2a4 a7a5 f2f4 h7h6,black,D,1/2-1/2,63,a2a4 a7a5 f2f4 h7h6 b1c3 h8h7 d2d4 g8f6 d4d5 f6d5 d1d5 b8c6 e2e4 a8b8 g1f3 c6d4 f3d4 b8a8 f1c4 g7g6 e1g1 a8b8 d5a5 f8g7 a5a7 g7d4 a7d4 e8f8 d4a7 f8g8 a7b8 g8h8 c3d5 h8g8 d5c7 d8c7 b8c7 g8f8 c7c8 f8g7 c8d7 e7e6 c4e6 g7f8 d7b7 f8e8 b7a8 e8e7 a8g8 f7e6 g8h7 e7e8 h7g6 e8d7 g6h6 d7e8 h6e6 e8f8 f1d1 f8g7 d1d7 g7h8 c1e3,tdleaf_nnue_engine\checkpoints\nnue_runtime.npz
8,1242,4,b1c3 c7c5 f2f3 b7b6,white,L,0-1,30,b1c3 c7c5 f2f3 b7b6 c3d5 g8f6 d5f6 e7f6 g1h3 b8c6 h3g5 f6g5 h1g1 d7d5 g1h1 c8b7 h1g1 f8d6 g1h1 e8g8 f3f4 g5f4 e1f2 d8h4 g2g3 f4g3 f2g1 g3h2 h1h2 h4h2,tdleaf_nnue_engine\checkpoints\nnue_runtime.npz
9,1243,4,d2d4 a7a6 c2c3 g8h6,black,L,1-0,61,d2d4 a7a6 c2c3 g8h6 f2f3 h8g8 d1c2 g7g6 h2h3 g8h8 c1f4 h8g8 e2e4 g8h8 f1c4 h8g8 g1e2 g8h8 e1g1 h8g8 f1d1 g8h8 b1d2 h8g8 c4d5 g8h8 d2c4 h8g8 a1c1 g8h8 f4e5 h8g8 e2f4 g8h8 e5h8 f8g7 h8g7 b8c6 g7h6 c6d4 c3d4 a8b8 h6g5 e8f8 a2a3 f8g8 c4e5 e7e6 g5d8 g8f8 d8c7 f8e7 c7b8 f7f6 c2c5 e7e8 c5c8 e8e7 c8d7 e7f8 d7f7,tdleaf_nnue_engine\checkpoints\nnue_runtime.npz
10,1244,4,d2d3 b7b5 c2c3 c8a6,white,L,0-1,28,d2d3 b7b5 c2c3 c8a6 g1h3 e7e5 h3g5 f7f6 g5h7 h8h7 h1g1 h7h2 g1h1 h2h1 e1d2 b8c6 d2e3 f8c5 e3e4 c5f2 e4f5 g8e7 f5g4 f6f5 g4g5 f2h4 g5h5 h4f6,tdleaf_nnue_engine\checkpoints\nnue_runtime.npz
11,1245,4,c2c4 d7d5 b1c3 g8f6,black,L,1-0,43,c2c4 d7d5 b1c3 g8f6 c4d5 g7g6 e2e4 f6d5 c3d5 d8d5 e4d5 h8g8 d2d4 g8h8 g1f3 e7e6 f1c4 f8b4 c1d2 b4d2 d1d2 e6d5 c4d5 h8g8 d2h6 g8h8 h6g7 h8g8 g7g8 e8e7 g8c8 b8d7 c8a8 e7f6 a8d8 f6g7 d8d7 g7h8 d7c7 h8g8 c7f7 g8h8 f7g8,tdleaf_nnue_engine\checkpoints\nnue_runtime.npz
12,1246,4,g2g3 g8f6 e2e4 f6h5,white,L,0-1,34,g2g3 g8f6 e2e4 f6h5 d1h5 b8c6 h5f7 e8f7 f1c4 e7e6 c4e6 d7e6 g1h3 e6e5 h3g5 d8g5 h1g1 f7g8 g1g2 c8g4 g2g1 a8e8 g1g2 f8c5 g2g1 g5f6 g1g2 f6f3 b1c3 f3g2 c3e2 g2f2 e1d1 g4e2,tdleaf_nnue_engine\checkpoints\nnue_runtime.npz
13,1247,4,b1a3 b8c6 d2d3 f7f5,black,D,1/2-1/2,63,b1a3 b8c6 d2d3 f7f5 c1g5 g8h6 a3c4 e8f7 e2e4 f5e4 d3e4 h8g8 d1d5 f7e8 g5h6 g7h6 d5g8 a8b8 g1f3 c6a5 c4a5 e7e6 a1d1 e8e7 g8h7 f8g7 h7g7 e7e8 g7g8 e8e7 g8h7 e7f8 h7h8 f8f7 h8d8 b8a8 d8c7 a8b8 c7b8 f7g8 b8c8 g8h7 d1d7 h7g6 c8b7 g6f6 b7a7 f6g6 a7c7 g6f6 f1c4 f6g6 c4e6 g6f6 f3d4 f6g6 e1g1 g6f6 e6f5 f6g5 d4e6 g5h5 g2g3,tdleaf_nnue_engine\checkpoints\nnue_runtime.npz
14,1248,4,b2b4 d7d5 f2f4 c8f5,white,L,0-1,52,b2b4 d7d5 f2f4 c8f5 g1h3 b8c6 h3g5 c6b4 e1f2 b4c2 d1c2 f5c2 f2g3 e7e5 f4f5 d8g5 g3h3 g5f5 h3h4 c2b1 a1b1 f5b1 h4h5 b1c1 h5g5 c1d2 g5h5 d2a2 h5g5 a2b1 g5h5 e8c8 h5g5 g8f6 g5h4 f6e4 h4h5 e4d2 h5g5 d2f1 h1f1 b1f1 g5h5 f1g2 h5h4 f8c5 h4h5 h8e8 h5h4 c5e3 h4h5 g2h3,tdleaf_nnue_engine\checkpoints\nnue_runtime.npz
15,1249,4,d2d4 e7e6 h2h4 f8c5,black,L,1-0,47,d2d4 e7e6 h2h4 f8c5 d4c5 d8h4 h1h4 g8e7 c1f4 h8g8 h4h7 g8h8 h7h8 e7g8 h8g8 e8e7 g8c8 b8c6 c8a8 e7f6 f4c7 f6e7 d1d6 e7f6 e2e4 f6g6 g1f3 g6h7 f3g5 h7h6 g5f7 h6h7 a8h8 h7g6 d6d7 g6f6 e4e5 c6e5 c7e5 f6f5 d7b7 a7a6 f1a6 g7g5 a6c4 f5g6 c4d3,tdleaf_nnue_engine\checkpoints\nnue_runtime.npz
16,1250,4,h2h3 h7h5 g2g3 e7e6,white,L,0-1,28,h2h3 h7h5 g2g3 e7e6 h1h2 b8c6 h2g2 g8f6 g2h2 f8c5 h2g2 e8g8 g2h2 d7d5 h2h1 f6e4 f1g2 e4f2 g1f3 f2d1 f3g5 d8g5 g2d5 g5d5 d2d3 d5h1 e1d2 c5e3,tdleaf_nnue_engine\checkpoints\nnue_runtime.npz
17,1251,4,b2b4 g8h6 e2e3 b7b6,black,L,1-0,43,b2b4 g8h6 e2e3 b7b6 d2d4 b8c6 b4b5 c6d4 e3d4 c8b7 c1h6 g7h6 g1h3 e7e6 b1c3 b7g2 f1g2 h8g8 g2a8 g8g1 h1g1 d8a8 h3f4 a8e4 c3e4 f8b4 c2c3 b4c3 e4c3 e8f8 d1h5 f8e8 g1g8 e8e7 h5h6 a7a6 b5a6 d7d6 h6h7 e7d7 h7f7 d7c6 f7e8,tdleaf_nnue_engine\checkpoints\nnue_runtime.npz
18,1252,4,c2c3 a7a5 g2g4 g8f6,white,L,0-1,48,c2c3 a7a5 g2g4 g8f6 g1h3 f6g4 h3g5 b8c6 g5h7 h8h7 h1g1 g4h2 g1g7 f8g7 f1h3 h7h3 d1a4 e7e5 a4c6 d7c6 e1d1 c8f5 d1e1 d8h4 e1d1 h4f2 d2d3 f5g4 d1c2 g4e2 c2b3 e2d3 b3a4 h2g4 a4b3 f2c2 b3a3 c2c1 a3a4 d3b1 a1b1 c1b1 a4b3 g4f2 b3c4 b1b2 c4c5 h3c3,tdleaf_nnue_engine\checkpoints\nnue_runtime.npz
19,1253,4,f2f3 g7g6 g2g4 b8a6,black,L,1-0,43,f2f3 g7g6 g2g4 b8a6 b1c3 g8h6 d2d4 h6g4 f3g4 h8g8 e2e4 g8h8 g1f3 a6b4 f1c4 b4c2 d1c2 e7e6 c1f4 d8h4 f3h4 h8g8 f4c7 g8h8 e1g1 h8g8 f1f6 g8h8 a1d1 h8g8 h4f3 g8h8 f3e5 h8g8 f6f7 g8h8 c2a4 h8g8 c4e6 g8h8 e5d7 c8d7 a4d7,tdleaf_nnue_engine\checkpoints\nnue_runtime.npz
20,1254,4,g2g4 e7e6 f2f3 b7b5,white,L,0-1,38,g2g4 e7e6 f2f3 b7b5 g1h3 b8c6 h3g5 d8g5 h1g1 g5h4 g1g3 h4h2 g3h3 h2g1 h3h2 g1h2 f1h3 h2g3 e1f1 g3h3 f1f2 c8b7 f2e3 f8c5 e3f4 e8c8 f4e4 h3g3 e4d3 g8f6 d3c3 f6g4 c3d3 g4f2 d3c3 f2d1 c3d3 c6b4,tdleaf_nnue_engine\checkpoints\nnue_runtime.npz
21,1255,4,h2h4 a7a6 b1c3 h7h5,black,L,1-0,49,h2h4 a7a6 b1c3 h7h5 g1f3 h8h7 d2d4 g7g6 e2e4 g8h6 f1c4 f8g7 c1f4 b8c6 c3d5 c6d4 d5c7 d8c7 f4c7 d4f3 d1f3 g7b2 a1b1 b2c3 f3c3 e8f8 b1b6 a8b8 c7b8 f7f6 b8g3 f8e8 c4a6 b7a6 c3c8 e8f7 c8d7 h6g4 d7e6 f7f8 b6a6 g4h2 g3h2 f8g7 e6e7 g7h6 h2f4 g6g5 e7f6,tdleaf_nnue_engine\checkpoints\nnue_runtime.npz
22,1256,4,c2c4 b8a6 d1b3 d7d5,white,L,0-1,68,c2c4 b8a6 d1b3 d7d5 b3b5 c7c6 b5c6 b7c6 c4c5 a6c5 g1f3 g8f6 f3g5 e7e5 h1g1 c8b7 g1h1 f6e4 g2g3 d8g5 h1g1 e8c8 f1h3 c8b8 h3c8 d8c8 g1g2 c8e8 g2g1 f8d6 g1h1 f7f5 b2b4 c5e6 h1g1 d6b4 g1g2 e6f4 g3f4 g5g2 e1d1 e4f2 d1c2 e5f4 c2b3 e8e4 b3a4 b4d2 a4a3 d2c1 a3b3 c1e3 b3c3 e3d4 c3b4 d4a1 b4c5 e4e2 c5d6 a1d4 d6d7 f4f3 b1c3 d4c3 d7d6 g2h2 d6d7 h2c7,tdleaf_nnue_engine\checkpoints\nnue_runtime.npz
23,1257,4,d2d4 h7h5 c1g5 b7b6,black,L,1-0,29,d2d4 h7h5 c1g5 b7b6 b1c3 h8h7 e2e4 g8h6 d1h5 c8b7 g1f3 b7e4 c3e4 d8c8 f1c4 c8d8 c4f7 h6f7 h5h7 d8c8 h7g8 g7g6 g8g6 c8d8 f3e5 d8c8 g6f7 e8d8 f7f8,tdleaf_nnue_engine\checkpoints\nnue_runtime.npz
24,1258,4,h2h3 a7a6 e2e4 b7b6,white,L,0-1,20,h2h3 a7a6 e2e4 b7b6 f1a6 c8a6 h1h2 e7e5 h2h1 d7d5 e4d5 d8d5 h1h2 b8c6 h2h1 d5g2 g1f3 g2h1 f3g1 h1g1,tdleaf_nnue_engine\checkpoints\nnue_runtime.npz
25,1259,4,h2h4 g7g6 c2c4 h7h5,black,L,1-0,47,h2h4 g7g6 c2c4 h7h5 b1c3 h8h7 d2d4 g8h6 g1f3 b8c6 c1f4 a8b8 c3d5 c6d4 d1d4 e7e6 d5c7 d8c7 f4c7 f8b4 f3d2 b4d2 d4d2 e8f8 c7b8 f8e8 b8a7 e8f8 d2d6 f8e8 d6c7 e8f8 c7c8 f8e7 c8b7 h6g4 a1d1 g4f2 d1d7 e7f8 a7f2 f8g8 f2d4 h7h8 b7a8 g8h7 a8h8,tdleaf_nnue_engine\checkpoints\nnue_runtime.npz
26,1260,4,b1c3 h7h6 f2f3 f7f5,white,L,0-1,50,b1c3 h7h6 f2f3 f7f5 c3d5 g8f6 d5f6 e7f6 g1h3 d7d5 h3g5 h6g5 h1g1 h8h2 g1h1 h2h1 e1f2 d5d4 f2g3 b8c6 g3f2 f8c5 f2g3 c8e6 g3f2 d8d7 f2g3 e8c8 g3f2 c8b8 f2g3 d8h8 g3f2 h8h2 f2g3 d7d5 g3f2 d4d3 f2e1 d3c2 d1c2 h2g2 c2c5 d5c5 a1b1 c5c2 b1a1 c6d4 a1b1 g2e2,tdleaf_nnue_engine\checkpoints\nnue_runtime.npz
27,1261,4,b1c3 b7b6 c3a4 g8f6,black,L,1-0,45,b1c3 b7b6 c3a4 g8f6 g1f3 h8g8 d2d4 g8h8 d4d5 f6d5 d1d5 g7g6 d5a8 e7e6 a8b8 f8b4 c2c3 b4c3 a4c3 h8g8 c1f4 g8h8 f4c7 d8c7 b8c7 h8g8 c7c8 e8e7 c8g8 e7f6 c3b5 f6e7 e2e4 e7f6 b5d6 f6e7 d6f7 e7f6 a1d1 f6e7 f1c4 e7f6 d1d7 h7h6 g8h8,tdleaf_nnue_engine\checkpoints\nnue_runtime.npz
28,1262,4,f2f3 b7b6 g2g3 a7a6,white,L,0-1,64,f2f3 b7b6 g2g3 a7a6 g1h3 e7e5 h3g5 d8g5 h1g1 f8b4 g1g2 g5e3 g2f2 d7d5 f2g2 b8c6 g2f2 g8f6 f2g2 e8g8 g2f2 c8b7 f3f4 a8e8 f4f5 f6e4 f2f3 e3d4 a2a3 b4c5 b2b4 d4a1 b4c5 a1b1 c1b2 b1b2 h2h4 e4c5 e1f2 c6d4 f5f6 d4f3 f1h3 f3d4 h3d7 c5d7 f6g7 g8g7 f2e3 d4c2 e3f2 c2a3 d1c2 a3c2 f2f3 d5d4 f3f2 b2b1 e2e4 d7c5 f2e2 b7e4 e2f2 b1e1,tdleaf_nnue_engine\checkpoints\nnue_runtime.npz
29,1263,4,g2g3 e7e6 e2e3 g7g5,black,L,1-0,71,g2g3 e7e6 e2e3 g7g5 g1f3 b8c6 b1c3 g8h6 f1g2 a8b8 e3e4 e8e7 f3g5 c6d4 e1g1 d8e8 g5f3 d4f3 d1f3 h8g8 c3b5 g8g3 f3g3 f8g7 g3g7 e8h8 g7h8 h6g4 b5c7 g4h2 g1h2 h7h6 h8g8 f7f6 d2d4 a7a6 c1h6 e7d6 h6f4 d6c6 c7a6 b7a6 f4b8 c8b7 e4e5 c6b6 e5f6 b7g2 f6f7 g2f1 a1f1 b6b7 f7f8q b7a8 b8d6 a8b7 f8f7 b7c6 f7f8 c6b7 h2g1 b7c6 f1d1 c6d5 f2f3 d5c4 f8f7 c4d5 f7d7 d5c4 g8e6,tdleaf_nnue_engine\checkpoints\nnue_runtime.npz
30,1264,4,b1a3 e7e5 b2b3 h7h6,white,L,0-1,34,b1a3 e7e5 b2b3 h7h6 a3b5 a7a6 b5c7 d8c7 g1h3 d7d5 h3g5 h6g5 h1g1 h8h2 g1h1 h2h1 c1a3 f8a3 d1c1 a3c1 a1c1 b8c6 c1d1 c8f5 d1c1 e8c8 c1d1 f5c2 d1c1 c6d4 c1c2 d4c2 e1d1 h1f1,tdleaf_nnue_engine\checkpoints\nnue_runtime.npz
31,1265,4,g1h3 b8a6 b2b4 c7c6,black,L,1-0,57,g1h3 b8a6 b2b4 c7c6 c2c3 a6b4 c3b4 g8h6 h3f4 e7e6 c1b2 e8e7 b1c3 g7g6 c3d5 c6d5 b2h8 d8e8 h8e5 e8d8 e2e3 d8e8 e5c7 f8g7 d2d4 e8h8 f1b5 g7d4 e3d4 h8e5 d4e5 a8b8 c7b8 f7f6 e5f6 e7f6 b8a7 h6f7 a7b6 f6e7 a1c1 f7g5 c1c8 g5f7 e1g1 d7d6 c8c7 e7f8 f4e6 f8g8 d1d5 g8h8 c7f7 h7h6 d5d6 h8g8 d6f8,tdleaf_nnue_engine\checkpoints\nnue_runtime.npz
32,1266,4,f2f3 c7c6 h2h3 g7g6,white,L,0-1,70,f2f3 c7c6 h2h3 g7g6 h1h2 f8g7 h2h1 e7e5 h1h2 d8h4 g2g3 h4g3 h2f2 g3g1 f2h2 g1h2 f1g2 h2g2 e2e3 g2g3 e1e2 d7d5 e2d3 c8h3 d3c3 h3g2 c3b4 g2f3 d1f3 b8a6 b4a5 g3f3 a5a4 e8c8 a4a5 f3d1 a5a4 d1c1 a4a5 c1c2 b1c3 c2d2 a5a4 d2b2 c3d5 b2a1 d5e7 g8e7 a4b3 a1b1 b3c3 a6c5 c3c4 c5d3 c4c3 h8e8 c3d2 f7f5 d2c3 d3f2 c3c4 d8d3 a2a4 d3e3 c4c5 e3e2 c5d6 f2e4 d6e6 b1b3,tdleaf_nnue_engine\checkpoints\nnue_runtime.npz
33,1267,4,b1c3 d7d5 g2g3 e7e5,black,L,1-0,97,b1c3 d7d5 g2g3 e7e5 d2d4 g7g6 d4e5 g8e7 g1f3 e8d7 c3d5 e7c6 d5b6 d7e7 b6a8 d8d1 e1d1 e7d7 c1g5 c6e5 f3e5 d7e6 f2f4 b8c6 a8c7 e6f5 f1h3 f5e4 h3c8 c6e5 f4e5 e4d4 c8b7 d4c4 b7d5 c4d4 g5f6 d4c5 f6h8 c5b6 c7e8 b6a6 d5f7 a6b7 e8d6 b7b8 e2e4 b8a8 h8f6 a8b8 h1e1 b8a8 f6g5 f8g7 e5e6 a8b8 e6e7 b8c7 d6b5 c7c8 e7e8q c8b7 b5d6 b7c7 e4e5 g7f8 e8f8 c7b6 e5e6 a7a6 e6e7 b6c5 e7e8q c5b6 f8g8 b6c7 e1e6 c7b6 g8h7 b6c7 h7g6 c7b6 g6g8 b6c7 d1e1 c7b6 e6e7 b6c5 a1d1 c5b6 f7e6 b6c5 c2c3 c5b6 h2h3 b6c5 g5e3,tdleaf_nnue_engine\checkpoints\nnue_runtime.npz
34,1268,4,b1c3 b8c6 g1h3 d7d5,white,D,1/2-1/2,48,b1c3 b8c6 g1h3 d7d5 h3g5 e7e5 g5h7 h8h7 c3d5 d8d5 h1g1 h7h2 g1h1 h2h1 a1b1 d5a2 b1a1 a2a1 g2g3 c8f5 g3g4 f5g4 f2f3 g4e6 e1f2 e6h3 f1h3 h1d1 h3d7 e8d7 f2g3 a1c1 g3h4 c1b2 h4h5 b2c2 h5g5 d1d2 g5h5 d2e2 h5g5 d7d8 g5h5 c2f5 h5h4 c6d4 h4g3 d4f3,tdleaf_nnue_engine\checkpoints\nnue_runtime.npz
35,1269,4,a2a3 e7e6 f2f3 b8c6,black,L,1-0,41,a2a3 e7e6 f2f3 b8c6 b1c3 d8h4 g2g3 h4g3 h2g3 g8e7 c3b5 h8g8 b5c7 e8d8 c7a8 d8e8 h1h7 g7g6 a8c7 e8d8 c7b5 d8e8 b5d6 e8d8 d6f7 d8e8 f7d6 e8d8 d2d4 d8c7 c1f4 g8h8 h7h8 c6d4 d1d4 e7c6 d6c8 c7c8 h8f8 c6d8 d4c5,tdleaf_nnue_engine\checkpoints\nnue_runtime.npz
36,1270,4,b2b4 e7e6 a2a3 g8e7,white,L,0-1,34,b2b4 e7e6 a2a3 g8e7 g1h3 b8c6 h3g5 e7f5 g5h7 h8h7 h1g1 h7h2 g1h1 h2h1 c1b2 d8h4 b2g7 f8g7 d1c1 g7a1 c1b2 a1b2 b1c3 c6d4 c3d5 e6d5 b4b5 d4c2 e1d1 h4c4 d2d3 h1f1 d1d2 c4c3,tdleaf_nnue_engine\checkpoints\nnue_runtime.npz
37,1271,4,a2a3 b8a6 c2c4 a6b8,black,D,1/2-1/2,65,a2a3 b8a6 c2c4 a6b8 b1c3 g7g6 g1f3 e7e6 d2d4 b8c6 e2e4 c6d4 d1d4 g8h6 d4h8 e8e7 h8h7 a8b8 c1g5 e7e8 g5d8 f7f6 d8c7 h6f7 c7b8 e8e7 b8a7 b7b6 h7g6 c8b7 a7b6 b7c8 a1d1 c8b7 f1d3 b7c8 e1g1 c8b7 g6g8 b7c8 c3b5 c8b7 b5c7 b7c8 f1e1 c8b7 h2h3 b7c8 e4e5 c8b7 e5f6 e7f6 g8f8 b7f3 g2f3 f6g5 f8f7 g5h4 f7d7 h4h5 d7f7 h5g5 e1e6 g5h4 f7f5,tdleaf_nnue_engine\checkpoints\nnue_runtime.npz
38,1272,4,e2e3 d7d5 g1h3 c8d7,white,L,0-1,36,e2e3 d7d5 g1h3 c8d7 h3g5 e7e5 g5h7 h8h7 h1g1 h7h2 g1h1 h2h1 e1e2 d7g4 e2d3 g4d1 d3c3 h1f1 c3d3 f1f2 d3c3 d8h4 b1a3 h4e4 a1b1 f8a3 b2a3 e4c2 c3b4 c2b1 b4c5 g8f6 c1b2 b1b2 e3e4 b8d7,tdleaf_nnue_engine\checkpoints\nnue_runtime.npz
39,1273,4,c2c4 c7c5 g1h3 h7h5,black,L,1-0,43,c2c4 c7c5 g1h3 h7h5 b1c3 h8h7 h3g5 g8h6 g5h7 d8c7 c3d5 c7h2 h1h2 e8d8 h7f8 d8e8 d5c7 e8f8 c7a8 f8g8 a8c7 g8h8 h2h5 h8g8 h5c5 g8h8 d2d4 h8g8 c1h6 g7h6 e2e4 e7e6 f1d3 b8c6 d1g4 g8f8 e4e5 f8e7 g4g8 c6e5 d4e5 f7f6 g8e8,tdleaf_nnue_engine\checkpoints\nnue_runtime.npz
40,1274,4,b1a3 b7b6 g2g4 a7a5,white,L,0-1,34,b1a3 b7b6 g2g4 a7a5 a3b5 d7d5 b5c7 d8c7 g1h3 c8g4 h3g5 b8c6 f1h3 g4h3 h1f1 h3f1 e1f1 h7h6 b2b4 h6g5 b4a5 h8h2 a5b6 c7b6 d1e1 h2h1 f1g2 h1e1 g2h3 b6f2 h3g4 e1g1 g4h5 g8f6,tdleaf_nnue_engine\checkpoints\nnue_runtime.npz
41,1275,4,a2a4 d7d6 c2c4 h7h5,black,D,1/2-1/2,57,a2a4 d7d6 c2c4 h7h5 g1f3 h8h7 b1c3 g7g6 f3g5 e7e6 g5h7 e8d7 h7f8 d8f8 d2d4 f8e8 c1g5 g8e7 f2f4 b8c6 a1c1 c6d4 d1d4 e7c6 d4f6 e8h8 f6h8 a8b8 h8g8 c6d4 g8f7 d7c6 f7g6 c6d7 g6g7 d7c6 g7d4 c6d7 d4a7 h5h4 a7b8 b7b6 g5h4 c8b7 b8b7 d7e8 b7c7 e8f8 c7b6 f8g8 b6d6 g8h8 d6e6 h8h7 c3d5 h7h8 e6f7,tdleaf_nnue_engine\checkpoints\nnue_runtime.npz
42,1276,4,e2e3 g7g6 d1f3 c7c5,white,D,1/2-1/2,38,e2e3 g7g6 d1f3 c7c5 f3f7 e8f7 f1c4 d7d5 c4d5 d8d5 g1h3 c8h3 g2h3 d5h1 e1e2 h1c1 e2f3 c1b2 f3g4 g8f6 g4g5 b2a1 g5h4 a1b1 h4g5 f6e4 g5h4 e4f2 h4g5 h7h6 g5h4 b1c2 h4g3 c2d2 g3h4 d2e3 a2a3 e3a3,tdleaf_nnue_engine\checkpoints\nnue_runtime.npz
43,1277,4,e2e3 h7h5 f2f4 h5h4,black,L,1-0,45,e2e3 h7h5 f2f4 h5h4 g1f3 h8h7 b1c3 g7g6 f1c4 g8h6 e1g1 f8g7 f3g5 e7e6 g5h7 e8e7 e3e4 b8c6 d2d3 d8h8 c3b5 h8h7 b5c7 g7b2 c1b2 a8b8 d3d4 c6d4 d1d4 h7h8 d4h8 f7f6 h8h6 a7a6 h6g6 b7b6 g6f6 e7d6 b2e5 d6c6 c4d5 c6c5 f6f8 d7d6 f8d6,tdleaf_nnue_engine\checkpoints\nnue_runtime.npz
44,1278,4,g1f3 b8a6 h1g1 d7d5,white,L,0-1,52,g1f3 b8a6 h1g1 d7d5 f3g5 d8d6 g1h1 f7f6 b2b4 f6g5 c1b2 d6b4 b2g7 f8g7 h1g1 g7a1 g1h1 a1f6 g2g3 b4b2 h1g1 c8f5 g1h1 f5c2 d1c2 b2c2 f2f4 c2b1 e1f2 g5f4 g3f4 a6c5 f4f5 b1f5 f2g3 f5b1 g3g4 g8h6 g4f4 e7e5 f4g3 e8g8 f1h3 b1h1 h3e6 c5e6 g3h3 a8e8 h3g3 h1g1 g3h3 e6f4,tdleaf_nnue_engine\checkpoints\nnue_runtime.npz
45,1279,4,e2e4 a7a5 d1f3 c7c6,black,D,1/2-1/2,73,e2e4 a7a5 d1f3 c7c6 f1c4 e7e6 d2d4 g7g6 b1c3 g8e7 f3f6 h8g8 g1f3 c6c5 d4c5 e7c6 f6d8 c6d8 c1e3 d8c6 e1g1 e8e7 f3g5 f7f6 g5h7 g8h8 h7f8 h8h2 f8g6 e7f7 g1h2 c6d4 g6h8 f7e7 e3d4 b8c6 h8g6 e7e8 d4f6 e8f7 c3b5 a8b8 f6e5 c6d4 b5d4 f7g6 e5b8 g6h7 h2g1 h7h8 a1d1 h8g8 f1e1 g8f7 b8c7 a5a4 d4b5 f7e7 b5d6 b7b6 d6c8 e7f8 c8b6 f8e7 d1d7 e7f8 c4e6 f8e8 b6a4 e8f8 c7d6 f8e8 a4b6,tdleaf_nnue_engine\checkpoints\nnue_runtime.npz
46,1280,4,a2a3 b7b6 f2f4 g8h6,white,L,0-1,56,a2a3 b7b6 f2f4 g8h6 g1h3 b8c6 h3g5 e7e5 f4e5 d8g5 h1g1 g5e5 g1h1 h6f5 h1g1 e5h2 g2g3 h2g1 e2e3 g1g3 e1e2 c8a6 d2d3 d7d5 e2d2 f5e3 d2c3 e3d1 c3b3 d1f2 b3a4 e8c8 f1h3 f2h3 a4b3 h3f2 b3a4 c8b8 a4b3 f8c5 b3a4 h8e8 a4b3 c6d4 b3a2 d4c2 a2b3 c2a1 b3a4 a1c2 a4b3 g3d3 b3a2 a6c4 b2b3 d3b3,tdleaf_nnue_engine\checkpoints\nnue_runtime.npz
47,1281,4,e2e3 g7g6 b2b3 f7f5,black,D,1/2-1/2,57,e2e3 g7g6 b2b3 f7f5 g1f3 e7e6 f1b5 g8e7 c1b2 h8g8 e1g1 g8h8 b2h8 f8g7 h8g7 e7c6 b1c3 e8f7 g7h6 d8h8 h6f4 h8e8 f4c7 e8h8 d2d4 c6d4 e3d4 b8c6 f3e5 c6e5 c7e5 h8e5 d4e5 a8b8 d1d6 b8a8 a1d1 a8b8 d6b8 f7g8 b8c8 g8g7 d1d7 g7h6 c8b7 f5f4 d7h7 h6g5 h2h3 a7a6 b7a6 g5f5 f1e1 f5g5 a6e6 f4f3 g2g3,tdleaf_nnue_engine\checkpoints\nnue_runtime.npz
48,1282,4,g1f3 h7h6 b1c3 e7e6,white,L,0-1,36,g1f3 h7h6 b1c3 e7e6 f3g5 h6g5 c3d5 e6d5 h1g1 h8h2 g1h1 h2h1 a1b1 b8c6 b1a1 f8c5 a1b1 d7d6 b1a1 g8f6 a1b1 c8f5 b1a1 f6e4 e2e3 d5d4 e3d4 c5d4 e1e2 e4f2 e2f3 f2d1 f3g3 d4f2 g3f3 c6d4,tdleaf_nnue_engine\checkpoints\nnue_runtime.npz
49,1283,4,b2b3 g8h6 c2c3 f7f6,black,L,1-0,47,b2b3 g8h6 c2c3 f7f6 d2d4 h8g8 d1c2 b8c6 c2h7 h6f7 h7g8 a8b8 d4d5 g7g6 d5c6 e7e6 c1a3 d8e7 a3e7 e8e7 c6b7 c8b7 g8g6 b7g2 f1g2 b8b3 a2b3 f7h8 g6g8 h8f7 a1a7 f8g7 g8g7 f6f5 g1f3 e7e8 g7g8 e8e7 a7c7 f7h8 g8h8 e7f7 c7d7 f7g6 h8g8 g6h6 d7h7,tdleaf_nnue_engine\checkpoints\nnue_runtime.npz
50,1284,4,e2e4 a7a5 e4e5 a8a7,white,L,0-1,46,e2e4 a7a5 e4e5 a8a7 g1h3 d7d6 h3g5 d6e5 e1e2 b8c6 b2b4 a5b4 c1b2 g8f6 b2e5 c6e5 g2g3 c8g4 e2e1 g4d1 a2a3 d1c2 a3b4 a7a1 e1e2 a1b1 f2f4 d8d3 e2f2 f6g4 f2g2 d3d5 g2h3 d5h1 f4e5 g4f2 h3h4 b1b4 g5e4 b4e4 h4h5 e4e5 h5h4 h1h2 f1h3 h2h3,tdleaf_nnue_engine\checkpoints\nnue_runtime.npz
51,1285,4,d2d3 h7h5 c1e3 b8a6,black,L,1-0,21,d2d3 h7h5 c1e3 b8a6 g1f3 h8h7 e3d4 g8h6 f3g5 a8b8 g5h7 b8a8 h7f8 e8f8 e2e4 f8g8 d1h5 g8h8 h5h6 h8g8 h6g7,tdleaf_nnue_engine\checkpoints\nnue_runtime.npz
52,1286,4,b2b3 g8h6 g1h3 c7c5,white,L,0-1,46,b2b3 g8h6 g1h3 c7c5 h3g5 e7e5 g5h7 h8h7 h1g1 d7d5 g1h1 h6g4 h1g1 h7h2 g1h1 h2h1 c1a3 g4h2 e2e3 h1f1 e1e2 f1d1 a3c5 d1b1 a1b1 f8c5 e2d3 b8c6 d3c3 d8h4 c3d3 h4f2 d3c3 f2g2 c3d3 c8f5 d3c3 e8c8 c3b2 g2d2 b2a1 d2c2 b1b2 c2d1 b2b1 d1b1,tdleaf_nnue_engine\checkpoints\nnue_runtime.npz
53,1287,4,f2f4 b8c6 e1f2 c6b4,black,L,1-0,37,f2f4 b8c6 e1f2 c6b4 g1f3 b4d3 e2d3 g8h6 f2g1 h8g8 b1c3 g7g6 d3d4 e7e6 f1c4 g8g7 d4d5 f8c5 d2d4 c5d4 d1d4 e6d5 d4g7 d5c4 g7h6 e8e7 f3e5 a8b8 h6h7 d8e8 h7g7 a7a6 e5g6 e7d8 g7f6 e8e7 f6e7,tdleaf_nnue_engine\checkpoints\nnue_runtime.npz
54,1288,4,g1f3 e7e5 d2d3 d8g5,white,L,0-1,68,g1f3 e7e5 d2d3 d8g5 f3g5 g8f6 c1f4 e5f4 b2b4 h7h6 g2g3 h6g5 g3f4 f8b4 d1d2 b4d2 b1d2 g5f4 d2e4 f6e4 d3e4 e8g8 a2a3 b8c6 h1g1 d7d6 g1g7 g8g7 f1h3 c8h3 a1a2 a8e8 a2a1 e8e4 a1a2 h3g2 h2h3 f8e8 h3h4 e4e2 e1d1 e2f2 a2b2 c6d4 b2b7 g2b7 d1c1 d4c2 c1b2 g7g8 b2c3 c2a3 c3d4 a3c2 d4c4 a7a6 c4d3 e8e2 d3c4 f4f3 c4d3 f2h2 d3c4 f3f2 c4d3 e2e3 d3c2 f2f1q,tdleaf_nnue_engine\checkpoints\nnue_runtime.npz
55,1289,4,b2b4 e7e5 b4b5 d8h4,black,L,1-0,45,b2b4 e7e5 b4b5 d8h4 g1f3 h4f2 e1f2 f8c5 e2e3 c5e3 d2e3 g8e7 f3e5 h8g8 f1c4 g8h8 c4f7 e8f8 f2g1 h8g8 f7g8 e7g8 b1c3 g7g6 c3d5 b8c6 b5c6 g8h6 d5c7 h6f7 c1a3 f8g8 e5f7 g8f7 c7a8 a7a6 c6d7 b7b6 d7c8q a6a5 a8b6 a5a4 c8f8 f7e6 d1d6,tdleaf_nnue_engine\checkpoints\nnue_runtime.npz
56,1290,4,a2a3 c7c6 f2f3 c6c5,white,L,0-1,36,a2a3 c7c6 f2f3 c6c5 g1h3 e7e5 h3g5 d8g5 h1g1 g5h4 g2g3 h4h2 g1g2 h2h1 g2h2 h1h2 f1h3 h2g3 e1f1 g3h3 f1f2 g8f6 f2e3 f6g4 e3e4 g4f2 e4e5 f2d1 e5f4 d1f2 f4g5 h3g3 g5h5 f8e7 b1c3 g3h2,tdleaf_nnue_engine\checkpoints\nnue_runtime.npz
57,1291,4,b2b4 h7h5 d2d4 b8c6,black,L,1-0,39,b2b4 h7h5 d2d4 b8c6 b4b5 h8h7 b5c6 g8h6 d1d3 a8b8 d3h7 g7g6 c6b7 c8b7 c1h6 e7e6 h7g8 e8e7 h6g5 f7f6 g5f4 d8e8 f4c7 b7g2 f1g2 b8b1 a1b1 f8g7 g8g7 e8f7 c7d6 e7d6 g7f7 a7a6 f7f6 h5h4 b1b7 g6g5 f6f8,tdleaf_nnue_engine\checkpoints\nnue_runtime.npz
58,1292,4,g2g4 c7c5 b1c3 a7a5,white,L,0-1,42,g2g4 c7c5 b1c3 a7a5 c3d5 g8f6 d5f6 e7f6 g1h3 d7d5 h3g5 f6g5 h1g1 b8c6 g1g3 c8e6 g3h3 e6g4 h3h7 h8h7 f1h3 h7h3 e1f1 h3h2 f1g1 f8d6 g1f1 h2h1 f1g2 h1d1 a2a3 d8e7 b2b4 a5b4 a3b4 a8a1 d2d3 d1c1 f2f4 e7e2 g2g3 d6f4,tdleaf_nnue_engine\checkpoints\nnue_runtime.npz
59,1293,4,c2c3 g8f6 e2e4 e7e5,black,L,1-0,25,c2c3 g8f6 e2e4 e7e5 g1f3 g7g6 f1b5 f6e4 f3e5 e4c3 d2c3 h8g8 d1d5 g8g7 e1g1 e8e7 c1f4 d8e8 b1a3 e8d8 a1e1 d8e8 e5f7 e7f6 f4g5,tdleaf_nnue_engine\checkpoints\nnue_runtime.npz
60,1294,4,a2a3 b7b5 f2f3 g8f6,white,L,0-1,22,a2a3 b7b5 f2f3 g8f6 g1h3 e7e5 h3g5 h7h6 f3f4 h6g5 f4g5 f6h5 h1g1 d8g5 g1h1 h5f4 h1g1 h8h2 e1f2 f4h3 f2f3 g5f4,tdleaf_nnue_engine\checkpoints\nnue_runtime.npz
61,1295,4,b1a3 e7e5 g1f3 d8h4,black,L,1-0,41,b1a3 e7e5 g1f3 d8h4 f3h4 g7g6 a3b5 g8e7 b5c7 e8d8 c7a8 d8e8 h4f3 h8g8 f3e5 e7c6 e5c6 b8c6 a8c7 e8e7 d2d4 c6d4 d1d4 g8h8 d4h8 f7f6 e2e4 f8g7 h8c8 g7f8 c8b7 f8g7 f1c4 g7f8 c1f4 f8g7 b7a7 g7f8 a7c5 e7d8 c5f8,tdleaf_nnue_engine\checkpoints\nnue_runtime.npz
62,1296,4,e2e4 a7a6 c2c4 g8f6,white,L,0-1,38,e2e4 a7a6 c2c4 g8f6 g1h3 f6e4 h3g5 e4g5 h1g1 b8c6 g1h1 e7e5 h1g1 d7d5 c4d5 d8d5 f1a6 a8a6 g1h1 d5g2 h1g1 g2g1 e1e2 c6d4 e2e3 g1d1 e3d3 d1c1 d3e3 c1b2 e3d3 b2a1 d3c4 a1a2 c4d3 a2b1 d3c4 b1b3,tdleaf_nnue_engine\checkpoints\nnue_runtime.npz
63,1297,4,f2f4 c7c6 h2h4 d8a5,black,L,1-0,53,f2f4 c7c6 h2h4 d8a5 b1c3 a5f5 d2d3 g7g6 e2e4 e7e6 e4f5 g8e7 f5f6 c6c5 f6e7 e8e7 c1e3 h8g8 e3c5 d7d6 c5a3 g8h8 c3b5 h8g8 b5c7 g8h8 c7a8 h8g8 a8c7 g8h8 g1f3 b8c6 f3e5 c6e5 f4e5 h8g8 d1f3 g8h8 f3f6 e7d7 f6h8 d6e5 h8e5 f8b4 a3b4 d7d8 f1e2 f7f6 e5d6 c8d7 c7e6 d8e8 d6f8,tdleaf_nnue_engine\checkpoints\nnue_runtime.npz
64,1298,4,f2f3 d7d6 h2h4 a7a5,white,D,1/2-1/2,72,f2f3 d7d6 h2h4 a7a5 h1h3 c8h3 g2h3 e7e5 f1g2 d8h4 e1f1 b8c6 g2h1 e8c8 h1g2 h4g3 g2h1 g8f6 h1g2 f8e7 g2h1 h8e8 h1g2 c6d4 g2h1 d6d5 h1g2 c7c5 f3f4 e5f4 g2d5 f6d5 g1f3 g3h3 f1f2 h3g3 f2f1 c8b8 f3g5 e7g5 d1e1 e8e2 e1g3 f4g3 f1g1 e2e1 g1g2 d4c2 g2g3 e1c1 a2a3 c2a1 b2b4 c1b1 b4c5 a1b3 g3g4 g5d2 g4h5 d2e3 h5h4 e3c5 h4h5 d5e3 h5g5 d8d2 g5h5 c5a3 h5g5 a3c5 g5h5 c5e7,tdleaf_nnue_engine\checkpoints\nnue_runtime.npz
65,1299,4,b2b3 f7f5 b1c3 h7h6,black,L,1-0,51,b2b3 f7f5 b1c3 h7h6 g1f3 h8h7 c1b2 g7g6 e2e3 g8f6 f1b5 f8g7 e1g1 e8f8 f3e5 f8g8 e5g6 g8f7 g6e5 f7g8 d2d4 g8h8 e5f7 h8g8 f7d8 g8h8 d8f7 h8g8 b5c4 f6e4 f7h6 g8h8 h6f5 e4f2 f1f2 b8c6 f5g7 e7e6 g7h5 h8g8 h5f6 g8h8 f6h7 h8h7 f2f7 h7g6 d1f3 a8b8 f3f6 g6h5 c4e2,tdleaf_nnue_engine\checkpoints\nnue_runtime.npz
66,1300,4,a2a3 c7c6 h2h4 g8h6,white,D,1/2-1/2,62,a2a3 c7c6 h2h4 g8h6 h1h3 d7d5 h3f3 h6f5 b2b4 f5h4 f3f7 e8f7 g1h3 d8e8 h3g5 f7g8 c1b2 h7h6 b2g7 f8g7 d1c1 g7a1 e1d1 h6g5 d1e1 a1d4 c1d1 e7e5 g2g3 h4f5 f1h3 h8h3 e1f1 h3h1 f1g2 h1d1 g2h3 d1b1 h3h2 d4f2 h2h3 f5g3 h3h2 e8h5 h2g2 h5e2 g2h2 e2d2 h2g2 d2c2 g2h2 a7a5 h2g2 a5b4 a3b4 a8a2 g2h2 b1b4 h2g2 b4b1 g2h2 b1g1,tdleaf_nnue_engine\checkpoints\nnue_runtime.npz
67,1301,4,g2g4 e7e5 d2d3 h7h5,black,D,1/2-1/2,55,g2g4 e7e5 d2d3 h7h5 g4h5 h8h7 e2e4 g8e7 c2c4 b8c6 b1c3 h7h5 d1h5 a8b8 g1f3 g7g6 h5h8 c6d4 f3d4 b8a8 h8e5 a8b8 e5f6 f8g7 f6g7 e7c6 g7g8 e8e7 c1g5 f7f6 d4c6 b7c6 g5f6 e7f6 g8d8 f6f7 d8c7 c6c5 c7b8 c8b7 b8b7 f7g8 b7a7 g8h8 a7c5 h8g8 c3d5 g8f7 c5d6 f7g8 d6g6 g8h8 d5c7 d7d6 c7d5,tdleaf_nnue_engine\checkpoints\nnue_runtime.npz
68,1302,4,e2e4 b8a6 f2f3 e7e5,white,L,0-1,48,e2e4 b8a6 f2f3 e7e5 f1a6 b7a6 g1h3 d7d5 e4d5 c8h3 g2h3 d8d5 h1g1 e8c8 g1g7 f8g7 e1f2 d5d4 f2g3 g8f6 g3g2 c8b8 g2g3 f6d5 g3g2 d5e3 d2e3 d4d1 g2g3 d1c1 g3h4 c1b2 h4h5 b2a1 h5g5 a1b1 g5h5 d8d2 h5g5 d2c2 g5h5 c2a2 h5g5 a2h2 g5h5 b1f5 h5h4 h2h3,tdleaf_nnue_engine\checkpoints\nnue_runtime.npz
69,1303,4,a2a3 c7c6 e2e3 g8h6,black,L,1-0,63,a2a3 c7c6 e2e3 g8h6 d2d4 g7g6 g1f3 d8a5 c1d2 a5d2 b1d2 e7e6 f1c4 e8e7 e1g1 f7f6 d2e4 h6f7 f1e1 h8g8 e4c5 g8h8 e3e4 h8g8 e4e5 f6e5 f3e5 f7e5 d4e5 g8h8 d1d6 e7e8 d6d4 h8g8 a1d1 g8h8 f2f4 h8g8 h2h3 g8h8 c5e4 e8e7 d4d6 e7f7 d6c7 f8c5 e4c5 h8e8 c4e6 e8e6 c5e6 f7e6 c7c8 e6e7 c8b7 c6c5 b7a8 b8c6 e5e6 c5c4 d1d7 e7f6 a8f8,tdleaf_nnue_engine\checkpoints\nnue_runtime.npz
70,1304,4,h2h4 d7d6 b2b4 g8h6,white,L,0-1,28,h2h4 d7d6 b2b4 g8h6 h1h3 c8h3 g2h3 h6f5 g1f3 e7e5 f3e5 d6e5 f1g2 f8b4 g2c6 b8c6 e1f1 d8h4 f1g2 e8g8 g2f3 h4h3 f3e4 a8d8 c1b2 h3g4 f2f4 g4f4,tdleaf_nnue_engine\checkpoints\nnue_runtime.npz
71,1305,4,g2g3 e7e5 b2b3 a7a5,black,L,1-0,71,g2g3 e7e5 b2b3 a7a5 f1g2 g7g6 d2d4 g8e7 d4e5 h8g8 e2e4 g8h8 b1c3 h8g8 g1f3 b8c6 e1g1 g8h8 c1b2 h8g8 c3d5 f8g7 d5f6 e8f8 f6g8 f8e8 g8f6 e8f8 f6h7 f8g8 h7f6 g8f8 c2c4 a8b8 f1e1 c6d4 d1d4 e7c6 d4c5 d7d6 f6h7 f8g8 c5d5 g8h7 d5f7 c6d4 b2d4 a5a4 e5d6 h7h6 d6c7 a4b3 c7d8q c8g4 d8b8 g7d4 f3d4 b3a2 a1a2 h6h5 h2h3 g4h3 g2h3 h5h6 b8b7 h6h5 a2a7 h5h6 d4e6 h6h5 f7h7,tdleaf_nnue_engine\checkpoints\nnue_runtime.npz
72,1306,4,e2e4 c7c5 f1a6 b8c6,white,D,1/2-1/2,62,e2e4 c7c5 f1a6 b8c6 a6b7 c8b7 g1h3 e7e5 h3g5 d8g5 h1g1 g5f4 g1h1 f4e4 e1f1 c6d4 h1g1 d4c2 d1c2 e4c2 f1e2 e8c8 e2e1 c2c1 e1e2 c1g1 e2e3 g1g2 e3d3 g2f2 d3c4 a7a6 c4d3 d7d5 d3c3 g8f6 c3d3 f6e4 d3c2 f2h2 c2d3 e4f2 d3e3 c8b8 e3f3 d5d4 f3e2 h2g1 b1c3 g1a1 e2f2 d4c3 d2c3 a1b2 f2g3 b2c3 g3h4 d8d2 h4h5 d2a2 h5g5 c3h3,tdleaf_nnue_engine\checkpoints\nnue_runtime.npz
73,1307,4,b2b4 h7h6 f2f4 g7g5,black,L,1-0,41,b2b4 h7h6 f2f4 g7g5 c1b2 h8h7 f4g5 e7e6 g5h6 g8h6 b4b5 d8h4 g2g3 h4g3 h2g3 e8e7 b1c3 f8g7 e2e4 g7c3 d2c3 b8c6 d1d2 a8b8 e1c1 b8a8 b5c6 b7c6 h1h6 a8b8 h6h7 c6c5 d2h6 c5c4 f1c4 c8b7 h6f4 a7a6 f4f7 e7d8 f7g8,tdleaf_nnue_engine\checkpoints\nnue_runtime.npz
74,1308,4,e2e4 b7b5 f1d3 b8c6,white,L,0-1,46,e2e4 b7b5 f1d3 b8c6 d3b5 g8f6 b5c6 d7c6 g1h3 f6e4 h3g5 e4g5 h1g1 d8d4 g1h1 g5e4 h1f1 e7e5 e1e2 c8g4 e2e1 g4d1 e1d1 e4f2 f1f2 d4f2 d2d3 f2g1 d1e2 g1c1 e2f3 c1b2 f3g4 b2a1 g4h5 a1b1 h5g5 b1c2 g5h5 e8c8 h5g5 d8d3 g5h5 c2g2 h5h4 d3h3,tdleaf_nnue_engine\checkpoints\nnue_runtime.npz
75,1309,4,e2e4 e7e5 g2g4 d8f6,black,L,1-0,51,e2e4 e7e5 g2g4 d8f6 b1c3 f6f2 e1f2 g8e7 d2d4 h8g8 d4e5 g8h8 g1f3 g7g6 f2g1 b8c6 f1g2 a8b8 c1f4 c6d4 d1d4 e7c6 d4d5 f8c5 d5c5 c6e5 c5e5 e8f8 e5h8 f8e7 f4c7 b8a8 a1d1 a8b8 c7b8 h7h6 h8c8 e7f6 b8e5 f6e7 c8b7 e7f8 d1d7 f8g8 b7a7 g8h7 d7f7 h7g8 f7g7 g8h8 g7g6,tdleaf_nnue_engine\checkpoints\nnue_runtime.npz
76,1310,4,e2e3 b7b5 a2a3 e7e5,white,L,0-1,28,e2e3 b7b5 a2a3 e7e5 f1b5 c8b7 b5d7 b8d7 g1h3 b7g2 h3g5 g2h1 g5h7 h8h7 e1e2 h7h2 d1h1 h2h1 e2f3 h1c1 f3g4 g8f6 g4g5 f6e4 g5f5 e4f2 b1c3 d8f6,tdleaf_nnue_engine\checkpoints\nnue_runtime.npz
77,1311,4,h2h3 b7b6 b2b3 c8b7,black,L,1-0,33,h2h3 b7b6 b2b3 c8b7 g1f3 b7f3 e2f3 g8h6 f1b5 h8g8 d2d4 g8h8 c1h6 g7h6 e1g1 h8g8 b1c3 g8g2 g1g2 f8g7 f1e1 g7d4 d1d4 f7f6 d4f6 b8c6 c3d5 d8c8 d5e7 c8d8 e7c6 d8e7 e1e7,tdleaf_nnue_engine\checkpoints\nnue_runtime.npz
78,1312,4,c2c4 d7d5 g2g4 c8g4,white,L,0-1,30,c2c4 d7d5 g2g4 c8g4 c4d5 d8d5 d1a4 b8c6 a4c6 d5c6 e1d1 c6h1 g1h3 h1f1 d1c2 g4h3 c2d3 f1c1 d3e4 c1b2 e4d5 b2a1 d5c5 a1b1 c5d5 e8c8 d5c5 e7e5 c5c4 b1b4,tdleaf_nnue_engine\checkpoints\nnue_runtime.npz
79,1313,4,a2a4 g7g5 a4a5 b7b5,black,D,1/2-1/2,59,a2a4 g7g5 a4a5 b7b5 d2d4 e7e6 e2e4 g8e7 c1g5 h8g8 g1f3 g8h8 f1b5 h8g8 e1g1 g8g5 f3g5 e7c6 g5h7 e8e7 e4e5 f7f6 e5f6 e7f7 d1h5 f7g8 f6f7 g8h8 h7f8 h8g7 f8h7 c6a5 f7f8q d8f8 h7f8 g7f8 h5f3 f8e7 f3a8 b8c6 a8c8 a7a6 b5a6 c6d4 a1a5 e7f7 c8d7 f7g8 d7d4 g8f8 d4f6 f8g8 f6e6 g8h8 a5c5 h8h7 c5c7 h7h8 b1c3,tdleaf_nnue_engine\checkpoints\nnue_runtime.npz
80,1314,4,h2h4 g8f6 a2a3 e7e5,white,L,0-1,46,h2h4 g8f6 a2a3 e7e5 h1h3 d7d5 h3g3 f6e4 g3g7 f8g7 g1h3 d8h4 b1c3 e8g8 c3e4 h4e4 h3g5 e4d4 b2b4 d4a1 c1b2 a1b2 g2g3 c8f5 f1h3 f5c2 h3d7 c2d1 e1f1 b8d7 f1g2 d1e2 g5h7 g8h7 g2h3 a8e8 h3h4 b2d2 h4h3 e2d3 h3h4 d2f2 h4h5 f2g3 b4b5 d7f6,tdleaf_nnue_engine\checkpoints\nnue_runtime.npz
81,1315,4,h2h4 d7d6 b2b3 e7e5,black,L,1-0,23,h2h4 d7d6 b2b3 e7e5 d2d4 g7g6 e2e4 e5d4 f1b5 e8e7 c1g5 e7e6 g5d8 g8e7 d8c7 h8g8 d1d4 e7c6 d4d5 e6e7 d5d6 e7e8 d6d8,tdleaf_nnue_engine\checkpoints\nnue_runtime.npz
82,1316,4,f2f3 e7e6 b1a3 g8f6,white,L,0-1,34,f2f3 e7e6 b1a3 g8f6 a3b5 f8b4 b5c7 d8c7 g1h3 e8g8 h3g5 b8c6 e1f2 c7f4 g5h7 g8h7 g2g3 f4d4 f2g2 d7d5 f3f4 h7g8 g2h3 e6e5 h3h4 e5f4 h4g5 f6e4 g5h5 f4g3 h2g3 e4g3 h5g5 b4e7,tdleaf_nnue_engine\checkpoints\nnue_runtime.npz
83,1317,4,a2a4 b7b6 e2e3 c8a6,black,L,1-0,53,a2a4 b7b6 e2e3 c8a6 g1f3 a6f1 e1f1 g8h6 b1c3 g7g6 c3d5 e7e6 d5f4 b8c6 h2h3 e8e7 d2d4 c6d4 d1d4 a8b8 d4h8 d8e8 c1d2 f8g7 h8g7 h6g4 h3g4 a7a6 h1h7 e8h8 f4g6 e7d6 g6h8 b8h8 g7h8 d6e7 h8g8 e7d6 h7f7 d6c6 f3e5 c6b7 f7d7 b6b5 g8e6 b5a4 a1a4 b7c8 a4c4 c8b8 c4c7 b8a8 e6g8,tdleaf_nnue_engine\checkpoints\nnue_runtime.npz
84,1318,4,d2d3 f7f5 c2c3 b7b6,white,L,0-1,32,d2d3 f7f5 c2c3 b7b6 g1h3 e7e5 h3g5 b8c6 g5h7 h8h7 h1g1 h7h2 g1h1 h2h1 e1d2 g8f6 d2e3 d7d5 e3f3 c8b7 f3g3 f8c5 g3f3 h1h2 f3g3 f6g4 g3f3 g4f2 f3g3 d8h4 g3f3 h4g4,tdleaf_nnue_engine\checkpoints\nnue_runtime.npz
85,1319,4,h2h4 c7c6 f2f4 d8c7,black,L,1-0,61,h2h4 c7c6 f2f4 d8c7 d2d4 g7g6 b1c3 e7e6 g1f3 g8e7 c1d2 f7f6 a1c1 c6c5 c3b5 c5c4 b5c7 e8f7 c7a8 b8c6 a8c7 c6d4 f3d4 h8g8 d2a5 g8h8 e2e4 h8g8 f1c4 g8h8 e1g1 h8g8 e4e5 f6e5 f4e5 f7g7 f1f6 g8h8 c2c3 h8g8 d1c2 g8h8 c1d1 h8g8 a2a3 g8h8 c4b3 h8g8 c3c4 g8h8 d4b5 h8g8 b5a7 g7h6 a7c8 e7c8 d1d7 g8g7 c2d2 h6h5 d2g5,tdleaf_nnue_engine\checkpoints\nnue_runtime.npz
86,1320,4,h2h3 h7h6 b2b4 g7g6,white,D,1/2-1/2,70,h2h3 h7h6 b2b4 g7g6 h1h2 e7e5 h2h1 f8b4 h1h2 b8c6 h2h1 d7d5 h1h2 g8f6 h2h1 e8g8 g1f3 c8f5 f3e5 c6e5 c1b2 f8e8 b2e5 e8e5 h1h2 e5e4 h2h1 d8e8 h1h2 e8e5 h2h1 e5a1 h1h2 a1a2 h2h1 a8e8 h1h2 a2b2 h2h1 c7c5 g2g3 a7a6 f1g2 e4e2 e1f1 f5c2 g2f3 c2d1 h3h4 e2e1 f1g2 d1f3 g2f3 e1h1 f3f4 b2b1 g3g4 e8e2 f4g3 f6e4 g3f4 e4f2 f4g3 e2d2 g3f4 h1h4 f4e5 h4g4 e5f6 d2e2,tdleaf_nnue_engine\checkpoints\nnue_runtime.npz
87,1321,4,c2c4 f7f5 c4c5 e7e6,black,L,1-0,55,c2c4 f7f5 c4c5 e7e6 d2d4 g7g6 b1c3 g8e7 g1f3 e7c6 c1g5 c6d4 g5d8 d4f3 e2f3 f8c5 d8c7 c5f2 e1f2 e8f7 d1d6 h8g8 c7b8 a8b8 d6b8 g8h8 f2g1 h8g8 b8d6 g8h8 c3b5 h8g8 b5c7 g8h8 a1d1 h8g8 f1c4 g8h8 h2h3 h8g8 a2a3 g8h8 c4b3 h8g8 f3f4 g8e8 c7e8 f7e8 d6c7 e8f8 c7c8 f8f7 d1d7 f7f6 c8h8,tdleaf_nnue_engine\checkpoints\nnue_runtime.npz
88,1322,4,g2g4 c7c6 d2d3 d8a5,white,D,1/2-1/2,58,g2g4 c7c6 d2d3 d8a5 d1d2 a5d2 b1d2 e8d8 g4g5 f7f6 d2b1 e7e5 g5f6 g8f6 g1h3 d7d5 h3g5 c8f5 g5h7 f5h7 f1h3 h7d3 h3g4 d3c2 e1f1 f6g4 c1f4 e5f4 b2b4 f8b4 f1g2 c2e4 g2g1 e4h1 g1f1 h8h2 f1g1 h1e4 f2f3 b4c5 g1f1 c5d4 f3e4 d4a1 e4d5 h2h1 f1g2 h1b1 g2h3 g4e3 h3h4 c6d5 a2a3 a1f6 h4h5 b1g1 a3a4 a7a5,tdleaf_nnue_engine\checkpoints\nnue_runtime.npz
89,1323,4,e2e4 f7f5 d1f3 g8f6,black,L,1-0,49,e2e4 f7f5 d1f3 g8f6 f3f5 g7g6 f5e5 f6e4 e5h8 e4f2 e1f2 e7e6 g1f3 d8h4 f3h4 b8c6 d2d4 c6d4 h8d4 e8f7 d4f4 f7e7 f4c7 f8g7 f2g1 a8b8 c7b8 g7f8 b8c8 f8g7 c8b7 g7f8 c1g5 e7e8 b7a7 e8f7 a7d7 f7g8 d7e6 g8h8 b1c3 h8g7 a1d1 g7h8 d1d8 h8g7 e6f6 g7g8 d8f8,tdleaf_nnue_engine\checkpoints\nnue_runtime.npz
90,1324,4,e2e4 f7f5 d1e2 c7c6,white,L,0-1,54,e2e4 f7f5 d1e2 c7c6 e4f5 d7d6 e2e7 d8e7 e1d1 c8f5 g1h3 e7e4 h3g5 e4c2 d1e2 c2c1 h2h3 c1b2 h3h4 b2a1 g2g3 a1b1 a2a3 f5d3 e2f3 d3f1 f3g4 f1e2 g4f4 b1h1 f4f5 e2d3 f5g4 g8f6 g4f4 h1b1 f4f3 b8a6 f3g2 a6c5 g2h2 f8e7 h2g2 a8d8 g2f3 f6e4 g5e4 c5e4 f3g4 e4f2 g4f4 e8g8 f4e3 b1b6,tdleaf_nnue_engine\checkpoints\nnue_runtime.npz
91,1325,4,a2a4 f7f6 g2g3 d7d6,black,L,1-0,67,a2a4 f7f6 g2g3 d7d6 d2d4 g7g6 g1f3 e7e6 f1g2 e8d7 b1c3 g8e7 c1d2 h8g8 a1c1 g8h8 h2h3 h8g8 e1g1 g8h8 e2e4 h8g8 f1e1 g8h8 c3b5 h8g8 d2a5 g8h8 a5c7 d8c7 b5c7 d7c7 e4e5 h8g8 e5f6 c7d7 f6e7 d7e7 f3g5 b8c6 g2d5 e7d7 d5e6 d7e7 e6g8 e7d7 g8h7 a8b8 h7g6 c6d4 d1d4 f8g7 d4g7 d7c6 g7g8 c8h3 g8b8 c6b6 b8d6 b6a5 g5h3 a5a4 e1e7 a4b5 e7b7 b5a5 c1a1,tdleaf_nnue_engine\checkpoints\nnue_runtime.npz
92,1326,4,e2e4 b8a6 g1h3 a6c5,white,D,1/2-1/2,52,e2e4 b8a6 g1h3 a6c5 h3g5 g8f6 b2b4 c5e4 g5e4 f6e4 h1g1 e7e5 g1h1 f8b4 h1g1 d8h4 e1e2 e4f2 e2f3 f2d1 f3e2 h4h2 e2d1 h2g1 d1e2 e8g8 e2f3 g1f1 f3g4 f1c1 g4h5 c1b2 h5g5 b2a1 g5h5 a1b1 h5g5 b1c2 g5h5 c2g6 h5h4 g6g2 h4h5 g2d2 h5h4 d2a2 h4h5 a2b1 h5g5 b1g6 g5h4 d7d5,tdleaf_nnue_engine\checkpoints\nnue_runtime.npz
93,1327,4,e2e3 c7c5 h2h3 e7e6,black,L,1-0,77,e2e3 c7c5 h2h3 e7e6 g1f3 g8e7 b1c3 g7g6 d2d4 c5c4 f1c4 b8c6 e1g1 c6d4 d1d4 a8b8 d4h8 d8c7 c4b3 c7c3 b2c3 b8a8 h8h7 e7c6 c1b2 e8e7 e3e4 a8b8 f3g5 c6d4 c3d4 a7a6 h7f7 e7d8 f7f8 d8c7 f8g8 b8a8 g8g6 a8b8 g5f7 b8a8 g6g3 c7c6 a1d1 a8b8 g3b8 c6b6 b8c8 b6a7 c8d7 a7b8 d7e8 b8c7 b3e6 c7b6 e8b8 b6c6 d4d5 c6b6 d5d6 b6c6 d6d7 c6b6 d7d8q b6c6 d8g8 c6b6 b8e8 b6c7 d1d7 c7c6 e6d5 c6b6 d7b7 b6c5 e8c6,tdleaf_nnue_engine\checkpoints\nnue_runtime.npz
94,1328,4,h2h3 d7d5 e2e4 b8d7,white,D,1/2-1/2,100,h2h3 d7d5 e2e4 b8d7 e4d5 g8f6 h1h2 f6d5 h2h1 e7e5 h1h2 d8h4 h2h1 d7c5 f1b5 e8d8 b5e8 h4e4 e1f1 d8e8 h1h2 c8f5 h2h1 e4c2 d1c2 f5c2 h1h2 c5d3 h2h1 d3c1 h1h2 c1d3 h2h1 f8c5 h1h2 d3f2 h2h1 f2h1 g1f3 h1g3 f1e1 e5e4 f3g5 d5f4 d2d3 f4g2 e1d2 e4d3 d2c3 c5e3 h3h4 g2h4 g5h7 h8h7 c3c4 d3d2 b1d2 e3d2 a1e1 d2e1 c4d5 h7h5 d5d4 e1f2 d4c4 h4g2 c4b4 a8d8 b4c4 g2e3 c4b4 a7a6 b4a3 h5h4 b2b3 d8d2 a3b2 c2d3 b2c3 g3e4 c3d4 e8d8 d4e5 d2a2 e5d4 a2d2 d4e5 h4h2 e5f4 d2b2 f4e5 b2b3 e5f4 b3b1 f4e5 e4g3 e5f4 f7f6 f4f3 g7g5,tdleaf_nnue_engine\checkpoints\nnue_runtime.npz
95,1329,4,h2h4 e7e5 b1c3 c7c6,black,L,1-0,57,h2h4 e7e5 b1c3 c7c6 g1f3 d8h4 h1h4 g8e7 f3e5 h8g8 h4h7 g8h8 h7h8 e8d8 h8f8 d8c7 f8f7 b8a6 f7e7 a8b8 d2d4 b8a8 c1f4 a8b8 e7g7 b8a8 e5g6 c7b6 f4d6 a8b8 d6b8 a6b8 g7g8 b8a6 g8c8 b6a5 c8a8 a6b8 a8b8 a5b6 e2e4 b6c7 b8g8 c7d6 d1f3 d6c7 a1d1 c7d6 f1c4 d6c7 f3f7 c7b6 f7d7 b6a5 d7b7 a7a6 b2b4,tdleaf_nnue_engine\checkpoints\nnue_runtime.npz
96,1330,4,a2a3 e7e6 h2h3 f8e7,white,L,0-1,38,a2a3 e7e6 h2h3 f8e7 h1h2 g8f6 h2h1 b8c6 h1h2 e8g8 h2h1 f6e4 h1h2 f8e8 h2h1 e6e5 h1h2 d7d5 h2h1 c8f5 h1h2 e7h4 g2g3 h4f6 h2g2 c6d4 g2h2 d8d7 h2g2 f5h3 g1h3 d7h3 g2h2 h3h2 f1g2 h2g2 b1c3 g2f2,tdleaf_nnue_engine\checkpoints\nnue_runtime.npz
97,1331,4,b2b4 d7d5 g2g4 a7a5,black,D,1/2-1/2,61,b2b4 d7d5 g2g4 a7a5 f1h3 g7g6 b4a5 g8h6 c1b2 h6g4 b2h8 g4h2 h1h2 c8h3 h2h3 e7e6 h3h7 e8d7 h7f7 d8e7 f7e7 d7e7 h8c3 a8a5 c3a5 f8g7 b1c3 b8d7 a5c7 g7f8 d2d4 f8g7 a1b1 g7f8 b1b7 f8g7 e2e4 d5e4 c3e4 g7f8 g1h3 e7f7 h3f4 f8b4 b7b4 f7g8 f4g6 g8h7 d1g4 h7g8 g4e6 g8h7 b4b7 h7g7 b7a7 g7h7 c2c4 h7g7 c7d6 g7h7 d6f8,tdleaf_nnue_engine\checkpoints\nnue_runtime.npz
98,1332,4,g1f3 h7h5 h1g1 a7a6,white,L,0-1,60,g1f3 h7h5 h1g1 a7a6 f3g5 b8c6 g1h1 f7f6 g5h7 h8h7 h1g1 e7e5 g1h1 d7d5 h1g1 c8f5 g1h1 f8c5 h1g1 d8d7 g1h1 e8c8 h1g1 c8b8 g1h1 g8e7 h1g1 h7h8 g1h1 h8e8 b2b4 c6b4 c1b2 b4c2 d1c2 f5c2 b2e5 f6e5 g2g3 d7f5 d2d3 f5f2 e1d2 c5d4 d2c2 d4a1 a2a3 a1d4 h2h4 f2g3 f1h3 g3h4 h3d7 h4h1 d7e8 d8e8 c2b3 h1b1 b3a4 b1b5,tdleaf_nnue_engine\checkpoints\nnue_runtime.npz
99,1333,4,e2e4 a7a6 a2a4 b8c6,black,L,1-0,47,e2e4 a7a6 a2a4 b8c6 g1f3 g7g6 b1c3 e7e6 f1c4 g8e7 e1g1 h8g8 d2d4 c6d4 d1d4 g8h8 d4h8 a8b8 c1h6 e7g8 h8g8 e8e7 h6f4 f8g7 f4g5 e7d6 g5d8 g7f8 g8f8 d6c6 f8f7 c6b6 a1d1 b6c5 d8c7 c5b4 c7b8 b4c4 b8c7 c4c5 f7g8 c5c6 g8c8 d7d5 f3e5 c6c5 c8f8,tdleaf_nnue_engine\checkpoints\nnue_runtime.npz
